3.40028E+14,9.2507E+12,04:13.0,13-May,United States,Barberton
3.40055E+14,8.35873E+14,24:44.0,17-Mar,United States,Fort Dodge
3.40083E+14,5.1297E+14,30:30.0,14-Jul,United States,Graham
3.40134E+14,8.87712E+14,21:58.0,13-Feb,United States,Dix Hills
3.40266E+14,6.80324E+14,49:14.0,14-Nov,United States,Rancho Cucamonga
3.40268E+14,9.29799E+14,46:08.0,12-Aug,United States,San Francisco
3.4038E+14,8.96155E+13,06:42.0,10-Sep,United States,Clinton
3.40384E+14,1.81181E+14,32:44.0,16-Oct,United States,West New York
3.40804E+14,4.17665E+14,30:45.0,17-Aug,United States,Beaverton
3.4089E+14,4.59293E+14,40:11.0,15-Nov,United States,West Palm Beach
3.40924E+14,1.88119E+14,28:47.0,13-Dec,United States,Scottsbluff
3.41006E+14,8.72139E+14,16:50.0,17-Feb,United States,Chillum
3.4103E+14,9.74087E+14,20:25.0,12-Aug,United States,Valley Station
3.41311E+14,5.61687E+14,23:23.0,15-Feb,United States,Vincennes
3.41344E+14,6.95906E+14,21:01.0,13-Mar,United States,Columbine
3.41364E+14,9.19044E+12,16:44.0,14-Apr,United States,Cheektowaga
3.4152E+14,5.3367E+14,59:32.0,15-Jan,United States,Centennial
3.41641E+14,2.30523E+14,51:18.0,15-Nov,United States,Colchester
3.41719E+14,3.04848E+14,06:35.0,17-Nov,United States,Vernon Hills
3.41722E+14,9.79218E+14,46:23.0,17-Jan,United States,Elk Grove Village
3.41725E+14,2.10778E+14,43:13.0,14-Mar,United States,Fond du Lac
3.4192E+14,1.85525E+14,57:15.0,16-Oct,United States,Roosevelt
3.42017E+14,3.2968E+14,56:32.0,16-Oct,United States,Oakdale
3.42049E+14,4.09347E+14,41:02.0,12-Aug,United States,Winter Springs
3.42107E+14,4.39669E+14,05:46.0,14-Mar,United States,Pittsburg
3.42136E+14,7.56972E+14,19:50.0,17-Oct,United States,Superior
3.42342E+14,5.69295E+14,16:48.0,14-Oct,United States,Woodstock
3.42401E+14,5.57239E+14,30:53.0,17-Aug,United States,Derry
3.42409E+14,9.32912E+13,06:45.0,16-Apr,United States,Key West
3.42541E+14,2.28647E+14,34:26.0,15-Apr,United States,Taylors
3.42659E+14,7.56421E+13,27:55.0,17-Jul,United States,Norman
3.4268E+14,3.28981E+14,30:36.0,17-Jul,United States,Oklahoma City
3.42684E+14,3.29885E+14,06:15.0,13-Aug,United States,Lisle
3.42854E+14,6.83933E+14,32:30.0,14-Feb,United States,Bradley
3.42894E+14,6.45003E+14,27:46.0,17-Apr,United States,Olive Branch
3.42917E+14,1.10913E+14,32:57.0,16-Mar,United States,Arvada
3.42966E+14,1.57771E+13,32:59.0,14-Oct,United States,Branford
3.43022E+14,3.44369E+13,53:37.0,13-Jun,United States,North Bel Air
3.43107E+14,9.79274E+14,41:46.0,16-Dec,United States,Inglewood-Finn Hill
3.43252E+14,5.5787E+13,29:32.0,15-Feb,United States,Kissimmee
3.43331E+14,5.15188E+13,11:31.0,14-Nov,United States,Murfreesboro
3.43479E+14,9.18968E+14,10:44.0,17-Sep,United States,Pinewood
3.43754E+14,3.19437E+14,59:13.0,17-Jul,United States,Cahokia
3.43794E+14,8.34478E+13,56:55.0,15-Oct,United States,Alice
3.43802E+14,1.03489E+14,09:19.0,16-Dec,United States,Laplace
3.43804E+14,3.74776E+14,22:55.0,12-Sep,United States,McDonough
3.43902E+14,4.47204E+14,12:08.0,17-Jan,United States,Lakeville
3.43924E+14,2.33154E+14,50:27.0,16-Nov,United States,Lacey
3.43953E+14,4.9511E+14,42:06.0,17-Oct,United States,Englewood
3.43963E+14,8.74268E+14,32:55.0,17-Sep,United States,Ramona
3.43992E+14,3.72226E+14,03:45.0,17-Jul,United States,Lake Shore
3.44E+14,6.75856E+13,40:42.0,14-Jan,United States,Wellesley
3.44003E+14,3.1313E+14,06:09.0,14-Dec,United States,Burien
3.44144E+14,6.0598E+14,16:26.0,16-Jul,United States,Savage
3.4421E+14,1.45225E+14,24:25.0,15-Apr,United States,Trenton
3.4425E+14,7.87251E+14,44:57.0,15-Feb,United States,Walnut Park
3.44261E+14,2.55246E+14,36:31.0,16-Aug,United States,Hopatcong
3.44384E+14,2.06984E+14,50:22.0,13-Dec,United States,Meridian
3.44402E+14,9.2076E+14,10:14.0,17-May,United States,Mount Lebanon
3.44453E+14,7.49474E+14,31:54.0,16-Aug,United States,Collierville
3.4449E+14,9.02856E+14,39:14.0,16-Jul,United States,Elmira
3.44544E+14,8.30523E+14,06:29.0,16-Jan,United States,Lutz
3.44583E+14,6.67772E+14,47:23.0,16-Nov,United States,Wasco
3.44714E+14,6.4728E+14,58:13.0,17-Jun,United States,Jenison
3.44771E+14,5.53366E+14,30:00.0,17-Mar,United States,Sebastian
3.44827E+14,3.10559E+14,34:19.0,12-Nov,United States,Hot Springs
3.44997E+14,7.67099E+14,13:50.0,17-Jun,United States,Aloha
3.45007E+14,8.19397E+14,23:20.0,14-Feb,United States,Central Islip
3.45028E+14,8.08853E+14,08:37.0,15-Sep,United States,Ada
3.45078E+14,4.00051E+14,39:20.0,12-Feb,United States,Tulsa
3.45082E+14,3.35453E+14,07:40.0,16-Oct,United States,Egypt Lake-Leto
3.45082E+14,4.14805E+14,23:47.0,15-Dec,United States,Woodland Hills
3.45141E+14,1.27329E+14,27:19.0,14-Jan,United States,Washington
3.45158E+14,6.14326E+14,01:04.0,14-Jan,United States,Kingman
3.45245E+14,3.52966E+14,54:07.0,17-Jul,United States,Altadena
3.45262E+14,5.20311E+14,48:13.0,17-Mar,United States,North La Crosse
3.45406E+14,2.96207E+14,39:15.0,12-Nov,United States,Clemmons
3.4542E+14,5.15358E+14,58:15.0,16-Oct,United States,Urbana
3.45498E+14,9.48048E+14,33:32.0,15-Jan,United States,Pasadena
3.45546E+14,9.52318E+14,54:55.0,17-Nov,United States,Orangevale
3.45599E+14,8.00048E+14,07:39.0,15-Nov,United States,Frankfort
3.4579E+14,6.2886E+14,00:11.0,15-May,United States,Dinuba
3.45864E+14,2.4626E+14,05:26.0,17-Nov,United States,Lexington
3.45876E+14,8.23027E+14,40:03.0,15-Apr,United States,North Bellmore
3.45925E+14,7.39092E+14,03:30.0,17-Mar,United States,North Amityville
3.45949E+14,3.17939E+14,01:07.0,14-Sep,United States,Chalmette
3.4597E+14,3.52176E+13,10:53.0,16-Oct,United States,DeSoto
3.46002E+14,6.35529E+14,50:21.0,14-Feb,United States,Smyrna
3.46072E+14,6.82775E+14,22:06.0,15-Feb,United States,Albuquerque
3.46119E+14,4.43552E+14,37:34.0,16-Jan,United States,Carrboro
3.46192E+14,4.6078E+13,26:25.0,17-Oct,United States,Manchester
3.46376E+14,7.85748E+14,11:07.0,17-Jul,United States,Cocoa
3.46417E+14,4.1787E+14,51:32.0,16-Aug,United States,Wilmette
3.46601E+14,6.93976E+14,14:03.0,13-Jan,United States,Auburn
3.46619E+14,5.40752E+14,21:49.0,16-Mar,United States,Yuma
3.46705E+14,4.11769E+14,21:15.0,14-Jan,United States,Burlingame
3.46724E+14,3.51608E+14,00:29.0,14-Aug,United States,Medford
3.4683E+14,8.72862E+14,01:18.0,16-Jul,United States,Long Island City
3.47051E+14,5.48033E+14,48:30.0,17-Nov,United States,Athens
3.4711E+14,7.21906E+14,12:36.0,16-Jul,United States,Fond du Lac
3.47128E+14,1.94305E+14,41:40.0,15-Sep,United States,Westfield
3.47177E+14,6.72463E+14,06:45.0,17-Oct,United States,Statesboro
3.47269E+14,5.45558E+14,55:34.0,12-Aug,United States,Carteret
3.47274E+14,3.59454E+14,06:18.0,15-Nov,United States,West Lafayette
3.47362E+14,2.70323E+14,56:00.0,12-Aug,United States,Kaysville
3.47364E+14,4.559E+14,01:09.0,17-Oct,United States,Placentia
3.4737E+14,3.92664E+14,00:52.0,17-Jul,United States,Andover
3.47404E+14,7.43429E+14,09:51.0,14-Apr,United States,North Babylon
3.47566E+14,5.25576E+14,33:25.0,12-Jun,United States,North Olmsted
3.47697E+14,5.2927E+14,10:07.0,16-Nov,United States,Hays
3.47724E+14,7.9319E+14,19:27.0,16-Dec,United States,Balch Springs
3.47737E+14,6.51777E+14,34:34.0,17-Nov,United States,Stockbridge
3.47742E+14,3.14941E+14,30:21.0,13-Apr,United States,North Miami
3.47816E+14,3.14841E+14,47:58.0,15-Dec,United States,Jacksonville Beach
3.47893E+14,5.56674E+13,12:07.0,15-Feb,United States,Millbrae
3.48157E+14,4.55339E+13,56:01.0,14-Oct,United States,Barrington
3.48165E+14,4.30879E+13,38:10.0,17-Oct,United States,Chicopee
3.48176E+14,9.41782E+14,07:11.0,17-May,United States,Malden
3.48191E+14,8.24326E+14,57:33.0,17-Jul,United States,Agoura Hills
3.48235E+14,8.81966E+13,21:46.0,16-May,United States,Lakeville
3.4839E+14,3.78593E+14,59:39.0,17-May,United States,Pontiac
3.48401E+14,8.4295E+14,13:22.0,17-Jun,United States,Apache Junction
3.48413E+14,1.73955E+12,11:19.0,17-Jul,United States,East Independence
3.48518E+14,2.66788E+14,31:37.0,16-Mar,United States,SeaTac
3.48536E+14,6.08987E+14,50:31.0,15-Nov,United States,Temecula
3.48537E+14,3.76143E+12,17:03.0,15-Nov,United States,Dover
3.48547E+14,7.24277E+14,36:13.0,15-Oct,United States,Northridge
3.48684E+14,2.93517E+14,29:26.0,16-Apr,United States,Bloomingdale
3.48701E+14,6.46436E+14,52:20.0,15-May,United States,Moses Lake
3.48702E+14,37495066290,38:43.0,18-Feb,United States,Avon Center
3.48818E+14,9.27656E+14,23:51.0,16-Jul,United States,Sidney
3.48891E+14,3.20864E+14,33:15.0,17-Feb,United States,Paso Robles
3.48963E+14,3.66246E+14,00:03.0,17-Feb,United States,Norton Shores
3.49E+14,4.33588E+13,39:13.0,17-Jun,United States,Perth Amboy
3.49077E+14,6.36169E+14,05:18.0,17-Apr,United States,Lodi
3.49082E+14,7.35404E+14,11:39.0,16-Dec,United States,Niles
3.49144E+14,3.43824E+14,18:50.0,17-May,United States,Ashland
3.4915E+14,6.00429E+14,49:20.0,13-Aug,United States,Dothan
3.49186E+14,5.69607E+14,26:29.0,16-Aug,United States,Elmwood Park
3.49237E+14,1.59613E+14,35:12.0,16-Jun,United States,The Hammocks
3.49254E+14,1.75914E+14,37:24.0,16-Nov,United States,North Hollywood
3.49262E+14,1.58071E+14,33:19.0,16-Oct,United States,Selma
3.49297E+14,2.72633E+14,55:36.0,15-Jun,United States,Winchester
3.49612E+14,3.84871E+14,37:41.0,12-May,United States,Delaware
3.49806E+14,9.91958E+14,43:02.0,15-Aug,United States,Parker
3.49854E+14,9.67493E+14,16:21.0,17-Feb,United States,Moses Lake
3.4988E+14,2.39011E+14,20:20.0,16-Sep,United States,Ansonia
3.49996E+14,7.83606E+13,26:00.0,14-Apr,United States,East Ridge
3.70422E+14,4.29193E+14,47:12.0,12-May,United States,Oak Ridge
3.70582E+14,4.33647E+14,45:55.0,16-Jun,United States,Tinley Park
3.70628E+14,1.00656E+14,56:09.0,17-Dec,United States,Carson City
3.70629E+14,4.43364E+14,20:58.0,12-Dec,United States,Silver Firs
3.70702E+14,9.40234E+14,24:37.0,16-Feb,United States,Allentown
3.70721E+14,5.87639E+14,39:32.0,15-Oct,United States,New Castle
3.7088E+14,1.13717E+14,30:32.0,16-Jan,United States,Ferndale
3.70886E+14,8.55808E+14,50:16.0,16-Dec,United States,Aliso Viejo
3.71083E+14,9.65246E+14,08:45.0,17-Aug,United States,North Little Rock
3.71084E+14,3.26159E+14,37:42.0,17-Jan,United States,Golden Gate
3.71085E+14,3.76195E+14,08:41.0,16-May,United States,Shawnee
3.71218E+14,5.56411E+14,44:33.0,17-May,United States,Tillmans Corner
3.71224E+14,9.03526E+14,13:22.0,17-Feb,United States,Derry
3.71619E+14,4.51757E+14,22:18.0,15-Dec,United States,Wantagh
3.71692E+14,6.20585E+14,38:20.0,13-Feb,United States,Daphne
3.71815E+14,9.13657E+12,53:51.0,13-Nov,United States,Southchase
3.71829E+14,1.40318E+14,38:28.0,18-Jan,United States,Deerfield
3.71898E+14,9.17932E+14,37:39.0,15-Dec,United States,North Aurora
3.72055E+14,3.2218E+14,05:23.0,15-Sep,United States,Johnston
3.72059E+14,7.76634E+14,42:27.0,16-Aug,United States,Anthem
3.72141E+14,2.32106E+14,10:25.0,17-Dec,United States,Ferndale
3.72184E+14,3.44443E+14,01:07.0,17-Oct,United States,Bremerton
3.72241E+14,5.106E+14,36:37.0,12-Sep,United States,Bensenville
3.72337E+14,6.40902E+13,49:20.0,13-Nov,United States,Union Hill-Novelty Hill
3.72347E+14,2.86325E+13,24:28.0,16-Sep,United States,Winona
3.72367E+14,4.83279E+14,00:44.0,15-Oct,United States,Smyrna
3.72422E+14,8.50367E+14,30:43.0,15-Nov,United States,South Bel Air
3.72473E+14,7.81308E+14,47:46.0,11-Nov,United States,Shelby
3.72507E+14,5.37438E+14,50:17.0,13-Apr,United States,Pinecrest
3.72687E+14,9.20782E+14,32:46.0,17-Oct,United States,Deer Park
3.72762E+14,7.45004E+14,52:29.0,17-Oct,United States,Hobart
3.72806E+14,3.21878E+14,16:17.0,14-Feb,United States,Grafton
3.72814E+14,5.16648E+13,36:27.0,17-Sep,United States,Tallahassee
3.72836E+14,7.13341E+14,23:51.0,16-Jan,United States,San Tan Valley
3.72839E+14,1.98342E+13,06:50.0,16-Jun,United States,Kuna
3.72926E+14,4.60282E+14,36:36.0,18-Jan,United States,Lealman
3.7301E+14,5.55434E+14,24:52.0,17-Jan,United States,Baltimore
3.73152E+14,5.22248E+14,01:21.0,17-May,United States,Oak Harbor
3.73229E+14,5.38235E+14,51:14.0,17-Oct,United States,Huntington
3.73291E+14,7.66645E+14,24:30.0,15-Jul,United States,Ashtabula
3.73321E+14,1.79258E+14,28:48.0,17-Sep,United States,New York City
3.73393E+14,4.91669E+14,49:36.0,16-Sep,United States,Valrico
3.73613E+14,3.92747E+13,15:46.0,16-Mar,United States,Superior
3.73617E+14,9.66926E+14,50:05.0,15-Oct,United States,Avocado Heights
3.73685E+14,2.83793E+13,29:02.0,17-Aug,United States,Berkeley
3.73749E+14,8.39493E+14,06:07.0,14-Jan,United States,Lacey
3.73848E+14,9.96166E+13,27:34.0,16-Nov,United States,Woburn
3.73863E+14,5.99079E+14,58:38.0,16-Aug,United States,Marquette
3.73866E+14,4.52271E+14,32:20.0,14-Feb,United States,Auburn
3.73986E+14,2.00057E+14,26:59.0,17-Apr,United States,Fort Walton Beach
3.74169E+14,5.34155E+14,29:08.0,16-Mar,United States,Modesto
3.74174E+14,1.06536E+14,03:51.0,17-Jun,United States,Miamisburg
3.74403E+14,5.48014E+14,22:08.0,17-Jul,United States,Cutler Bay
3.74413E+14,3.64904E+14,40:25.0,15-Aug,United States,Detroit
3.74437E+14,7.3896E+14,09:36.0,14-Dec,United States,Minnetonka Mills
3.74544E+14,6.63271E+14,42:53.0,10-Aug,United States,North Fort Myers
3.74694E+14,9.08708E+14,25:46.0,16-Mar,United States,Ashwaubenon
3.74878E+14,9.92553E+14,48:13.0,17-Sep,United States,West Sacramento
3.74904E+14,1.57238E+14,24:10.0,15-Nov,United States,Winchester
3.74912E+14,6.22683E+14,32:15.0,17-Oct,United States,Tifton
3.75196E+14,5.51985E+14,08:22.0,17-Sep,United States,Saratoga
3.75372E+14,5.95995E+14,45:50.0,15-Jun,United States,Valparaiso
3.75444E+14,3.16489E+14,44:41.0,16-Aug,United States,Albert Lea
3.75482E+14,7.67637E+14,20:30.0,13-Dec,United States,Maryville
3.75488E+14,7.48054E+14,27:55.0,15-Jul,United States,Woodridge
3.75534E+14,5.33947E+14,30:09.0,16-Nov,United States,Albany
3.75592E+14,3.94401E+13,31:50.0,18-Jan,United States,Mastic
3.7565E+14,8.46638E+14,40:57.0,12-Nov,United States,Leawood
3.75668E+14,6.11433E+14,36:24.0,11-Nov,United States,Pikesville
3.75771E+14,4.35409E+14,21:04.0,17-Jan,United States,Avocado Heights
3.75774E+14,1.46862E+14,23:21.0,15-Mar,United States,Battle Creek
3.75806E+14,8.80937E+14,10:13.0,15-Oct,United States,Pensacola
3.75809E+14,5.95805E+14,33:44.0,14-Apr,United States,East Brunswick
3.75956E+14,6.49016E+14,50:29.0,15-Jun,United States,Aurora
3.7597E+14,3.12401E+14,21:47.0,13-Nov,United States,Meadow Woods
3.76076E+14,2.02098E+14,18:06.0,13-Aug,United States,Shaker Heights
3.76181E+14,9.21022E+14,57:31.0,17-Jan,United States,East Hill-Meridian
3.7621E+14,3.89166E+14,21:26.0,16-Aug,United States,Bolingbrook
3.76211E+14,8.93061E+14,46:13.0,16-May,United States,Austin
3.7626E+14,6.3151E+14,40:59.0,16-Nov,United States,Pasadena
3.76334E+14,3.91273E+14,40:40.0,17-Sep,United States,Santa Barbara
3.76469E+14,9.83248E+14,21:15.0,17-Jun,United States,Bellflower
3.76521E+14,2.80686E+14,48:46.0,16-Aug,United States,Lakeside
3.7653E+14,8.58544E+14,38:53.0,17-Feb,United States,South Laurel
3.76581E+14,6.24489E+14,54:22.0,15-Dec,United States,Sacramento
3.76588E+14,4.00046E+14,59:42.0,16-Nov,United States,Independence
3.76842E+14,4.6265E+14,37:11.0,17-Jun,United States,Tinley Park
3.7697E+14,1.69575E+14,02:19.0,16-Jun,United States,North Fort Myers
3.77004E+14,2.08889E+14,39:07.0,17-Jan,United States,North Miami
3.77021E+14,9.6473E+14,09:38.0,17-Jun,United States,Huntington Park
3.77037E+14,3.31616E+14,46:54.0,17-Sep,United States,Tahlequah
3.77043E+14,9.31916E+14,44:59.0,16-Jul,United States,Beloit
3.77201E+14,9.24476E+14,00:14.0,10-Nov,United States,Walnut Park
3.77223E+14,2.94116E+14,35:11.0,11-Nov,United States,Trenton
3.77234E+14,1.70867E+14,27:29.0,16-Nov,United States,Westchester
3.77355E+14,9.64808E+14,41:02.0,17-Mar,United States,Brushy Creek
3.77398E+14,4.92096E+14,36:16.0,18-Feb,United States,Sahuarita
3.77418E+14,4.47174E+14,26:44.0,16-Mar,United States,Ken Caryl
3.77486E+14,8.90349E+14,48:30.0,16-Nov,United States,Pickerington
3.77595E+14,3.2707E+14,02:04.0,13-Jan,United States,West Linn
3.77614E+14,3.62885E+14,46:27.0,14-Mar,United States,Highview
3.77705E+14,3.14723E+14,41:10.0,16-Aug,United States,Bartlett
3.77719E+14,1.16129E+14,50:47.0,12-Sep,United States,Manitowoc
3.77733E+14,6.97963E+14,34:01.0,16-Apr,United States,Broomfield
3.77785E+14,9.49785E+14,30:00.0,12-Jun,United States,Ozark
3.77958E+14,2.92571E+14,11:16.0,16-Sep,United States,Lehigh Acres
3.7799E+14,5.63807E+14,57:28.0,13-May,United States,Topeka
3.78002E+14,9.89175E+14,38:44.0,17-Jun,United States,East Setauket
3.78107E+14,7.85394E+14,56:48.0,13-Oct,United States,Warren
3.78118E+14,9.6602E+14,24:42.0,16-Jun,United States,Upper Saint Clair
3.78297E+14,8.56151E+14,03:37.0,17-Nov,United States,Davenport
3.78304E+14,1.31407E+12,01:08.0,17-Jan,United States,East Lake-Orient Park
3.78481E+14,8.71677E+14,31:09.0,17-Oct,United States,Yorba Linda
3.78586E+14,4.65163E+14,04:16.0,14-Feb,United States,Ceres
3.78661E+14,5.29811E+14,44:06.0,16-Dec,United States,Pooler
3.78769E+14,6.00449E+14,47:04.0,17-Jun,United States,Opelousas
3.78827E+14,2.69683E+14,22:24.0,17-Oct,United States,Hermiston
3.78869E+14,6.03711E+14,07:04.0,17-Aug,United States,Forest Park
3.78892E+14,6.38296E+14,58:24.0,12-Jul,United States,Bloomfield
3.79322E+14,8.25674E+13,01:23.0,16-Jun,United States,Buckeye
3.79416E+14,9.8339E+14,47:25.0,17-Mar,United States,Clayton
3.79518E+14,2.8045E+14,31:53.0,13-Sep,United States,Spanish Lake
3.79878E+14,8.27068E+14,42:17.0,14-Oct,United States,Mitchell
3.799E+14,1.7502E+14,08:54.0,11-Jul,United States,Elko
3.79938E+14,9.94088E+13,30:11.0,17-Jun,United States,Toms River
4.00688E+15,1.80037E+14,07:14.0,17-Jul,United States,Plainview
4.0083E+15,4.90122E+14,36:12.0,13-Nov,United States,Pasadena
4.00922E+15,4.23518E+14,30:03.0,14-Nov,United States,Parkland
4.01124E+15,2.14879E+14,39:43.0,17-Jan,United States,Carlsbad
4.01153E+15,6.88354E+14,48:28.0,14-Feb,United States,Augusta
4.02121E+15,6.1129E+14,20:02.0,13-Aug,United States,Shawnee
4.02142E+15,2.13104E+14,11:03.0,14-Nov,United States,Castaic
4.02785E+15,9.05317E+14,49:13.0,14-Oct,United States,Brent
4.02886E+15,7.29289E+14,19:22.0,13-May,United States,West Little River
4.0301E+15,4.70732E+14,23:33.0,14-Nov,United States,Cuyahoga Falls
4.03323E+15,3.50826E+14,31:00.0,17-Dec,United States,Moline
4.03908E+15,1.54108E+14,14:18.0,10-May,United States,Towson
4.03914E+15,9.68236E+14,03:13.0,15-Jun,United States,Parma Heights
4.04508E+15,4.86727E+14,14:57.0,14-Jul,United States,Oak Park
4.04513E+15,1.95471E+14,37:35.0,17-Aug,United States,Sartell
4.05056E+15,1.2715E+14,46:10.0,17-Sep,United States,North Glendale
4.0516E+15,3.78429E+14,55:56.0,16-May,United States,Secaucus
4.06204E+15,1.41872E+14,02:33.0,13-Nov,United States,Fargo
4.06718E+15,6.21716E+14,46:12.0,16-Oct,United States,Fort Bragg
4.07056E+15,2.79535E+14,36:08.0,16-Feb,United States,Stillwater
4.07371E+15,4.73223E+14,52:09.0,15-Nov,United States,Belmont
4.08564E+15,5.85404E+14,01:21.0,15-Sep,United States,San Diego
4.08689E+15,3.05709E+14,01:45.0,17-Jun,United States,Mount Juliet
4.08932E+15,2.79392E+14,35:21.0,13-Apr,United States,Bayshore Gardens
4.09157E+15,2.30569E+14,33:17.0,17-Oct,United States,Fort Worth
4.09717E+15,4.71801E+14,54:40.0,17-Aug,United States,New Brunswick
4.09814E+15,1.3673E+14,14:42.0,16-Feb,United States,Warren
4.10061E+15,2.55883E+14,12:43.0,16-Dec,United States,Fairview Heights
4.10596E+15,9.0145E+14,04:06.0,17-Feb,United States,Wheeling
4.11107E+15,4.65857E+14,44:40.0,17-May,United States,Bozeman
4.11506E+15,8.40527E+14,29:20.0,14-Nov,United States,Coral Terrace
4.11575E+15,6.97039E+14,47:05.0,16-Apr,United States,Williamstown
4.11734E+15,4.13459E+14,03:59.0,17-Aug,United States,Elk River
4.11796E+15,5.99086E+14,04:13.0,17-Mar,United States,Vero Beach South
4.12636E+15,1.55828E+13,03:53.0,16-Feb,United States,Jamaica
4.12647E+15,7.37442E+14,53:17.0,11-May,United States,Ocean Springs
4.13179E+15,1.48822E+14,20:51.0,17-Jan,United States,Grand Forks
4.13238E+15,6.58328E+13,57:00.0,14-Dec,United States,Libertyville
4.1389E+15,7.39461E+14,48:54.0,16-Mar,United States,Hempstead
4.14079E+15,4.26995E+14,24:30.0,13-Oct,United States,Biddeford
4.15367E+15,4.89644E+14,46:15.0,14-Feb,United States,Peekskill
4.17345E+15,9.19377E+14,09:21.0,15-Jan,United States,Reading
4.17409E+15,1.6994E+14,57:59.0,13-May,United States,Commerce City
4.17844E+15,2.33262E+14,10:38.0,15-Nov,United States,Radnor
4.18116E+15,6.51563E+14,23:44.0,18-Feb,United States,Five Corners
4.19393E+15,1.71049E+14,58:22.0,15-Nov,United States,Florence
4.19586E+15,8.52433E+14,05:00.0,15-Jun,United States,Edison
4.19938E+15,5.61148E+14,37:48.0,16-Jul,United States,Lafayette
4.20676E+15,3.2917E+14,33:07.0,16-Feb,United States,Brentwood
4.22916E+15,4.97266E+14,54:07.0,17-Jan,United States,Winona
4.23134E+15,8.96801E+13,12:22.0,16-May,United States,Burlington
4.2325E+15,9.88667E+14,19:27.0,16-Jan,United States,Roswell
4.23475E+15,3.12072E+14,14:37.0,16-Feb,United States,Gastonia
4.23765E+15,8.76531E+12,46:15.0,13-May,United States,Kenmore
4.24493E+15,8.19374E+14,36:55.0,17-Apr,United States,Hilo
4.24725E+15,8.11881E+14,59:54.0,15-Mar,United States,Apopka
4.25003E+15,3.94068E+14,37:14.0,17-Jun,United States,Santa Fe Springs
4.25447E+15,3.77962E+13,12:18.0,14-Nov,United States,Crystal Lake
4.25666E+15,9.87838E+14,36:37.0,17-Oct,United States,Roswell
4.2606E+15,2.02625E+14,16:02.0,17-Jan,United States,Kahului
4.26455E+15,4.70022E+14,14:16.0,17-Jan,United States,Farmers Branch
4.26583E+15,3.09431E+14,24:52.0,17-May,United States,Atlanta
4.28252E+15,9.01603E+14,29:13.0,14-Feb,United States,Lynnwood
4.28404E+15,5.49976E+14,04:26.0,14-Aug,United States,Chatsworth
4.29275E+15,5.33191E+14,57:07.0,14-Dec,United States,Auburn
4.29431E+15,8.3499E+14,20:14.0,15-Mar,United States,Port Angeles
4.29614E+15,4.83601E+14,55:38.0,14-Jan,United States,Tucker
4.30294E+15,3.69764E+14,43:15.0,17-Mar,United States,Nanuet
4.31129E+15,2.47702E+14,29:06.0,13-Oct,United States,O'Fallon
4.31132E+15,5.74289E+14,54:42.0,17-Dec,United States,Holbrook
4.31136E+15,5.75423E+14,12:29.0,13-Nov,United States,Merrick
4.31401E+15,8.4641E+14,58:14.0,15-Dec,United States,Sumter
4.31854E+15,4.96613E+14,10:03.0,12-Jul,United States,Poughkeepsie
4.33949E+15,8.59688E+14,15:45.0,13-Nov,United States,Lakewood
4.34191E+15,9.31512E+14,17:21.0,17-Apr,United States,Bay Shore
4.35361E+15,8.65786E+14,09:52.0,17-Feb,United States,Fort Bragg
4.3562E+15,2.93293E+14,48:02.0,16-Nov,United States,Bell
4.36507E+15,8.05559E+14,12:34.0,14-Jun,United States,Irvington
4.36713E+15,1.79998E+14,16:25.0,14-May,United States,Clinton
4.36795E+15,8.03461E+14,07:18.0,17-Nov,United States,Anchorage
4.36858E+15,5.37866E+14,51:03.0,15-Feb,United States,Cahokia
4.37346E+15,3.53189E+14,00:24.0,18-Jan,United States,Des Plaines
4.38036E+15,1.28719E+13,13:02.0,17-Oct,United States,Kennewick
4.38522E+15,2.35384E+14,53:26.0,17-Dec,United States,Troy
4.38997E+15,2.95555E+14,43:20.0,12-Apr,United States,West Springfield
4.39693E+15,7.85177E+14,36:50.0,15-Dec,United States,Sun Prairie
4.39721E+15,6.25135E+14,18:29.0,17-Aug,United States,Irving
4.40309E+15,6.92508E+14,02:21.0,16-Nov,United States,South Jordan
4.40318E+15,9.00722E+14,06:37.0,14-May,United States,Rosemead
4.40447E+15,7.57322E+14,08:21.0,17-Jan,United States,Natchitoches
4.40597E+15,7.05874E+14,29:38.0,14-Jul,United States,Lakeville
4.40723E+15,7.61336E+14,18:33.0,14-Apr,United States,Defiance
4.40788E+15,2.24729E+14,04:15.0,13-Sep,United States,Pleasant Grove
4.4113E+15,2.29073E+14,17:56.0,17-Jun,United States,Shaker Heights
4.41147E+15,4.77342E+14,49:30.0,17-Feb,United States,Severn
4.41653E+15,5.13443E+14,55:03.0,14-Nov,United States,Sandy Hills
4.4178E+15,8.23001E+14,16:25.0,17-Jul,United States,Buenaventura Lakes
4.41823E+15,6.51537E+14,14:56.0,10-May,United States,Palm Harbor
4.4395E+15,6.40004E+13,04:23.0,16-Aug,United States,Cumberland
4.44201E+15,1.85702E+14,22:54.0,15-Jul,United States,Glenvar Heights
4.44271E+15,2.24815E+14,21:43.0,15-May,United States,Lancaster
4.44398E+15,5.65965E+14,53:32.0,16-Nov,United States,Fremont
4.44575E+15,6.31653E+14,08:07.0,17-Jul,United States,East Cleveland
4.44616E+15,3.66107E+14,45:51.0,16-Nov,United States,West Sacramento
4.45445E+15,8.65564E+14,36:05.0,15-Aug,United States,Everett
4.4647E+15,7.37824E+13,03:46.0,17-Feb,United States,Florence
4.4741E+15,3.67134E+14,57:11.0,17-May,United States,South San Francisco
4.48251E+15,6.65997E+14,50:13.0,17-Jan,United States,Downers Grove
4.48495E+15,5.7054E+14,18:00.0,15-May,United States,Stillwater
4.49285E+15,6.13839E+14,54:08.0,16-Mar,United States,Denver
4.493E+15,6.26214E+14,02:56.0,17-May,United States,Fond du Lac
4.49695E+15,5.63948E+14,01:13.0,17-Aug,United States,Riverside
4.49747E+15,4.10608E+14,14:07.0,13-Jun,United States,Gardner
4.49927E+15,3.98992E+14,20:23.0,17-Nov,United States,East Peoria
4.5005E+15,9.82171E+14,52:17.0,13-Feb,United States,Bloomington
4.50201E+15,4.47546E+14,58:46.0,17-Nov,United States,Silver Lake
4.50223E+15,9.46057E+14,47:53.0,15-Aug,United States,Ballwin
4.51453E+15,9.6276E+14,31:40.0,16-Nov,United States,Machesney Park
4.51938E+15,8.9091E+14,56:33.0,16-May,United States,Indian Trail
4.52971E+15,8.2782E+14,24:56.0,12-Feb,United States,Palm Coast
4.53047E+15,1.55089E+14,47:16.0,14-Oct,United States,St. Louis
4.53426E+15,4.60107E+14,45:09.0,17-May,United States,Land O' Lakes
4.53547E+15,9.34918E+14,01:11.0,16-Dec,United States,Wake Forest
4.53803E+15,5.5691E+14,07:49.0,17-Jun,United States,Randolph
4.53974E+15,6.42561E+14,02:44.0,16-Feb,United States,Hazel Dell
4.54081E+15,2.41809E+14,38:46.0,17-Feb,United States,Plainview
4.54422E+15,1.9852E+14,00:14.0,16-Feb,United States,Reading
4.5449E+15,6.36359E+14,21:06.0,14-Apr,United States,Elkton
4.54643E+15,4.59012E+14,27:23.0,14-Sep,United States,Euless
4.54981E+15,3.85257E+14,46:07.0,12-Jun,United States,Marquette
4.55214E+15,7.12927E+14,25:23.0,13-Dec,United States,Anthem
4.55356E+15,4.08889E+14,12:32.0,13-Jul,United States,Tempe
4.56685E+15,2.08309E+14,49:39.0,11-Aug,United States,Upper Alton
4.57132E+15,1.91634E+14,07:05.0,15-Nov,United States,Ankeny
4.57334E+15,6.99187E+12,27:14.0,14-Feb,United States,Rio Rico
4.57383E+15,6.06899E+14,48:46.0,16-Oct,United States,Post Falls
4.57394E+15,9.50795E+14,16:48.0,13-Dec,United States,Las Vegas
4.57484E+15,2.3407E+14,25:07.0,16-Jun,United States,North Bellmore
4.57715E+15,6.87647E+14,44:38.0,15-Nov,United States,Newark
4.58524E+15,8.00043E+13,54:10.0,18-Feb,United States,Dodge City
4.58551E+15,4.47917E+14,05:27.0,15-Jun,United States,Rockland
4.58635E+15,9.47446E+14,37:02.0,17-Jul,United States,Englewood
4.59134E+15,5.68962E+14,16:44.0,17-Jan,United States,Calverton
4.59197E+15,4.55569E+14,44:33.0,14-Aug,United States,East Cleveland
4.59307E+15,1.10101E+14,55:07.0,17-Nov,United States,Norland
4.59421E+15,2.53513E+14,41:39.0,14-Sep,United States,Pleasure Ridge Park
4.59823E+15,3.77061E+14,37:16.0,14-Jun,United States,Fort Hunt
4.59971E+15,5.90647E+14,39:12.0,17-Aug,United States,Wheaton
4.601E+15,6.41611E+14,30:13.0,17-Jul,United States,Fort Leonard Wood
4.60296E+15,6.64884E+14,00:58.0,12-Jun,United States,Aurora
4.60303E+15,3.97701E+14,46:00.0,17-Nov,United States,Littleton
4.61505E+15,2.80142E+14,45:58.0,17-Jan,United States,Millcreek
4.62183E+15,9.2487E+14,24:59.0,18-Feb,United States,North Miami Beach
4.62537E+15,3.06036E+14,58:58.0,15-Apr,United States,Elmwood Park
4.62604E+15,3.68919E+14,45:38.0,17-Apr,United States,Layton
4.62807E+15,1.86512E+14,17:08.0,16-Nov,United States,Ilchester
4.62886E+15,4.11052E+14,23:07.0,17-Mar,United States,Redland
4.62951E+15,6.96816E+14,06:38.0,14-Jan,United States,Sanger
4.63977E+15,1.21565E+14,14:04.0,16-Jun,United States,Columbus
4.64018E+15,3.54054E+14,48:35.0,12-Aug,United States,Yuma
4.66473E+15,5.82711E+14,07:21.0,15-Dec,United States,Statesboro
4.66629E+15,1.07578E+14,53:12.0,15-Jan,United States,Merrimack
4.66661E+15,8.01946E+14,29:12.0,15-Apr,United States,New Philadelphia
4.67734E+15,9.75111E+14,56:56.0,17-Sep,United States,Binghamton
4.68713E+15,6.30557E+14,55:17.0,16-May,United States,Douglas
4.68931E+15,2.60262E+14,05:31.0,14-Mar,United States,Asheboro
4.69349E+15,7.9224E+14,03:21.0,17-Nov,United States,New Berlin
4.69559E+15,4.18474E+14,05:10.0,13-Apr,United States,Mount Laurel
4.70147E+15,1.90285E+14,51:12.0,17-Sep,United States,Del City
4.70632E+15,9.49755E+14,42:06.0,18-Jan,United States,Los Gatos
4.70891E+15,7.95557E+12,24:04.0,18-Jan,United States,Fond du Lac
4.71942E+15,5.00004E+14,18:09.0,15-Jan,United States,Parker
4.7199E+15,6.39244E+14,53:12.0,14-Apr,United States,Moorpark
4.72582E+15,5.12243E+14,46:48.0,15-Oct,United States,Scottsbluff
4.72842E+15,7.7781E+14,11:38.0,15-May,United States,Milwaukie
4.7298E+15,2.9819E+14,57:48.0,13-Nov,United States,Bristol
4.73243E+15,1.99994E+13,13:49.0,17-Jun,United States,Gary
4.73898E+15,9.88661E+14,36:56.0,16-Mar,United States,South Whittier
4.74081E+15,1.69397E+14,40:04.0,15-Aug,United States,Roselle
4.74827E+15,5.47579E+14,32:40.0,17-Mar,United States,Jackson
4.75036E+15,8.88609E+14,09:00.0,15-May,United States,Gretna
4.7507E+15,6.77296E+14,56:50.0,17-Jul,United States,Punta Gorda
4.753E+15,1.00988E+14,29:51.0,17-Nov,United States,South Valley
4.75857E+15,9.61474E+14,45:20.0,16-Mar,United States,Lawrenceville
4.76651E+15,6.37876E+13,00:45.0,15-Sep,United States,Mountain Top
4.76679E+15,6.89963E+14,14:45.0,17-Feb,United States,Champlin
4.78043E+15,6.59552E+14,18:51.0,17-Aug,United States,Tigard
4.78288E+15,2.57135E+14,47:03.0,17-Jun,United States,North Babylon
4.78385E+15,7.87557E+14,23:59.0,17-Jul,United States,Metairie
4.78406E+15,2.36739E+14,21:39.0,17-Nov,United States,Fairhaven
4.79151E+15,3.8741E+14,46:06.0,14-May,United States,Darien
4.79483E+15,2.29469E+14,24:51.0,15-Nov,United States,Goose Creek
4.79584E+15,1.17166E+13,34:55.0,17-Aug,United States,Canton
4.80647E+15,7.1448E+14,48:31.0,17-Jun,United States,Greater Northdale
4.80805E+15,6.42694E+14,42:21.0,17-May,United States,Metairie Terrace
4.81425E+15,5.91828E+14,04:13.0,16-Nov,United States,Brookfield
4.81895E+15,8.19007E+14,43:51.0,16-Oct,United States,Gadsden
4.83546E+15,8.85156E+14,18:10.0,16-Oct,United States,Cameron Park
4.83829E+15,8.17061E+13,03:38.0,16-Mar,United States,Farmington
4.84343E+15,5.89895E+14,21:34.0,14-Jul,United States,Parole
4.85147E+15,4.93626E+14,04:16.0,16-Dec,United States,Pleasantville
4.85408E+15,9.73974E+14,34:47.0,12-Sep,United States,Richland
4.85519E+15,9.22331E+14,27:50.0,15-Sep,United States,Woodstock
4.85766E+15,1.42946E+14,43:29.0,15-Nov,United States,Livonia
4.86313E+15,7.88335E+14,38:19.0,16-Mar,United States,Warren
4.86384E+15,3.54499E+14,56:29.0,14-Nov,United States,Milton
4.86556E+15,4.54102E+14,02:12.0,16-Jul,United States,Stevens Point
4.86594E+15,3.25371E+14,21:07.0,16-Jan,United States,Oildale
4.86798E+15,5.8612E+14,17:16.0,17-Mar,United States,Alhambra
4.87413E+15,2.63937E+14,03:28.0,13-Nov,United States,Highland
4.87796E+15,1.52357E+13,35:08.0,16-Jun,United States,Cedar Park
4.87807E+15,6.37839E+14,26:35.0,17-May,United States,Middleton
4.88056E+15,5.31848E+14,04:19.0,16-Mar,United States,Willowbrook
4.88061E+15,2.06131E+14,44:19.0,16-Feb,United States,North Chicopee
4.88232E+15,8.22696E+14,50:56.0,15-Dec,United States,Brushy Creek
4.88468E+15,5.13415E+14,33:53.0,16-Jul,United States,Ives Estates
4.89184E+15,6.42911E+14,25:30.0,17-Jul,United States,Floral Park
4.89696E+15,7.26685E+14,03:20.0,15-Jun,United States,Herriman
4.8987E+15,1.66902E+14,54:53.0,13-Aug,United States,Woodridge
4.90016E+15,7.118E+14,11:57.0,17-Nov,United States,Alhambra
4.90143E+15,1.36388E+14,03:16.0,16-Jun,United States,Milton
4.90316E+15,6.12593E+14,06:46.0,15-Apr,United States,Thomasville
4.9071E+15,9.69488E+14,00:20.0,17-May,United States,Dania Beach
4.90725E+15,7.23133E+14,01:16.0,16-Nov,United States,New Hope
4.91228E+15,5.2353E+14,14:41.0,17-Mar,United States,Marietta
4.92076E+15,2.09831E+14,11:50.0,13-Nov,United States,Billings
4.92273E+15,4.31775E+14,51:04.0,15-Dec,United States,Goleta
4.9282E+15,6.60301E+13,45:59.0,16-Feb,United States,Holbrook
4.92919E+15,4.45538E+14,43:12.0,17-Dec,United States,Laconia
4.93067E+15,4.60127E+14,46:15.0,17-May,United States,North Las Vegas
4.93198E+15,2.54849E+14,25:18.0,17-Aug,United States,Rosemount
4.9341E+15,9.44067E+13,51:35.0,14-Nov,United States,Chanhassen
4.93669E+15,3.92379E+14,20:35.0,16-Apr,United States,Clarksdale
4.93815E+15,4.16816E+14,02:58.0,15-May,United States,Washington
4.96609E+15,3.57037E+14,33:54.0,17-Sep,United States,Smyrna
4.96631E+15,1.79527E+14,30:06.0,14-Dec,United States,Temecula
4.97118E+15,9.85096E+14,00:56.0,12-May,United States,Centerville
4.98155E+15,9.96412E+14,13:31.0,15-Nov,United States,Bartlesville
4.98347E+15,4.19223E+14,06:15.0,17-Oct,United States,Americus
4.9897E+15,7.84314E+14,31:24.0,15-Nov,United States,Anderson
4.99338E+15,9.60668E+14,52:53.0,16-Oct,United States,Redwood City
4.99548E+15,7.33663E+14,30:03.0,17-Mar,United States,North Chicopee
5.1009E+15,5.53153E+14,44:30.0,17-Sep,United States,North Massapequa
5.10304E+15,6.85212E+14,51:57.0,11-Jul,United States,McMinnville
5.10459E+15,6.31973E+14,02:38.0,14-Oct,United States,Harvey
5.1079E+15,5.81312E+14,31:51.0,17-Jul,United States,Evanston
5.11527E+15,9.92104E+14,42:05.0,12-Jul,United States,Springville
5.11549E+15,8.93903E+14,52:27.0,13-Mar,United States,Alafaya
5.1167E+15,6.22674E+14,02:31.0,13-Jun,United States,Silver Firs
5.11761E+15,2.81098E+14,25:07.0,17-Oct,United States,Saginaw
5.11816E+15,1.02055E+14,46:15.0,17-Apr,United States,Woodland Hills
5.1208E+15,1.00069E+14,21:18.0,16-Sep,United States,Millville
5.12476E+15,3.79487E+14,22:35.0,16-Feb,United States,Lisle
5.12732E+15,3.91603E+14,34:13.0,15-Dec,United States,East Hemet
5.12763E+15,2.74293E+14,44:04.0,17-Aug,United States,Chicopee
5.13173E+15,7.21767E+13,55:45.0,13-Oct,United States,Madison
5.13433E+15,9.78465E+14,55:14.0,14-Jul,United States,Kankakee
5.13448E+15,2.09433E+14,48:36.0,17-Nov,United States,Jasper
5.13632E+15,8.58469E+14,14:44.0,16-Mar,United States,Addison
5.13773E+15,4.99338E+13,15:38.0,16-Nov,United States,Richmond
5.14097E+15,5.06019E+14,38:01.0,14-Sep,United States,Wolcott
5.14115E+15,1.36578E+14,19:21.0,17-Sep,United States,Bellwood
5.14122E+15,8.06364E+14,28:18.0,17-Apr,United States,West Chicago
5.14505E+15,6.86478E+14,49:30.0,14-Dec,United States,Elko
5.14651E+15,2.26691E+14,29:50.0,16-Nov,United States,Maricopa
5.14719E+15,3.84114E+14,19:24.0,16-May,United States,South San Jose Hills
5.14729E+15,3.21817E+14,30:00.0,16-May,United States,Mount Juliet
5.15222E+15,3.61975E+14,20:15.0,15-Oct,United States,Asheboro
5.15531E+15,4.03809E+14,20:27.0,16-Feb,United States,Centereach
5.15571E+15,3.00213E+14,57:17.0,16-Mar,United States,Olympia
5.15981E+15,2.84851E+14,30:14.0,17-Jun,United States,Sudbury
5.16086E+15,2.16981E+14,20:26.0,17-Aug,United States,Greenburgh
5.16281E+15,9.90571E+14,15:36.0,14-Dec,United States,Norwood
5.16435E+15,4.61705E+14,54:08.0,16-Apr,United States,Norwalk
5.16477E+15,1.1878E+13,04:51.0,17-Sep,United States,South San Jose Hills
5.16482E+15,1.25986E+14,10:35.0,12-Nov,United States,Syracuse
5.16955E+15,5.90916E+14,04:18.0,13-Oct,United States,Spanish Fork
5.17038E+15,4.3536E+13,28:09.0,15-Aug,United States,Eagle River
5.17154E+15,5.54475E+14,54:12.0,16-Dec,United States,Chickasha
5.1717E+15,5.75403E+14,39:30.0,16-Jul,United States,Paducah
5.17363E+15,8.01323E+14,54:01.0,16-Nov,United States,Hallandale Beach
5.17506E+15,6.89715E+14,41:29.0,17-Oct,United States,Laurel
5.17574E+15,2.27686E+14,27:07.0,18-Feb,United States,Pocatello
5.17923E+15,4.70989E+14,26:00.0,16-Jul,United States,Starkville
5.17965E+15,5.83383E+14,13:56.0,16-Nov,United States,Corinth
5.17967E+15,4.0774E+14,15:19.0,17-Oct,United States,Smithfield
5.18176E+15,9.44321E+14,49:08.0,17-May,United States,Manchester
5.18302E+15,9.26999E+14,18:15.0,13-Jan,United States,Russellville
5.18369E+15,1.57528E+14,16:04.0,12-Nov,United States,Aliso Viejo
5.18388E+15,6.53268E+14,54:39.0,13-Dec,United States,Houma
5.18662E+15,8.56723E+14,48:47.0,17-Nov,United States,Barnstable
5.18951E+15,1.06247E+14,23:11.0,16-Nov,United States,Sun City Center
5.18956E+15,1.17826E+11,41:33.0,15-Apr,United States,Medina
5.19068E+15,4.68883E+14,34:08.0,16-Jul,United States,Land O' Lakes
5.19241E+15,9.05547E+14,48:10.0,17-Sep,United States,Aurora
5.19245E+15,4.66313E+14,18:06.0,16-Sep,United States,Ashland
5.19527E+15,3.11605E+14,07:12.0,13-Jul,United States,Asbury Park
5.19669E+15,6.66282E+14,44:21.0,16-Aug,United States,Hyattsville
5.19967E+15,4.79567E+14,29:43.0,16-Nov,United States,Odenton
5.20412E+15,1.33086E+14,37:17.0,14-Dec,United States,Paradise
5.20582E+15,4.23707E+14,59:07.0,16-Sep,United States,Azusa
5.20826E+15,9.69951E+13,28:28.0,17-Jul,United States,Pine Hills
5.20832E+15,6.11929E+14,35:31.0,16-Nov,United States,Erlanger
5.20858E+15,5.9093E+14,59:42.0,15-Mar,United States,Shelby
5.20891E+15,6.63101E+14,58:23.0,17-Sep,United States,Anthem
5.21133E+15,6.10847E+14,52:34.0,16-Sep,United States,Hickory
5.21179E+15,7.81391E+14,28:27.0,17-Dec,United States,Indian Trail
5.21898E+15,8.585E+14,31:47.0,16-Aug,United States,Rancho San Diego
5.21926E+15,2.75375E+14,03:40.0,16-Feb,United States,Bozeman
5.22116E+15,3.16379E+14,21:01.0,15-Nov,United States,Baytown
5.22118E+15,9.41075E+14,31:03.0,17-Oct,United States,Foothill Farms
5.22123E+15,7.62246E+14,17:37.0,16-Apr,United States,Yucca Valley
5.22607E+15,3.4619E+14,28:49.0,18-Feb,United States,Bartlett
5.22812E+15,6.08328E+14,15:05.0,16-Nov,United States,Shelby
5.22929E+15,2.25548E+14,29:18.0,16-Feb,United States,Evansville
5.22938E+15,6.96569E+14,29:53.0,14-Sep,United States,Spanish Lake
5.23061E+15,2.73404E+14,01:49.0,11-Apr,United States,East Independence
5.23146E+15,7.7957E+14,07:55.0,14-Nov,United States,Sayreville
5.23208E+15,8.4571E+14,04:04.0,16-Mar,United States,Pompano Beach
5.23227E+15,3.20981E+14,58:03.0,17-Mar,United States,Calumet City
5.2327E+15,6.59484E+14,30:18.0,13-Jun,United States,Henderson
5.23938E+15,1.07741E+14,51:46.0,12-Dec,United States,Millcreek
5.24284E+15,1.97953E+14,48:43.0,14-Jul,United States,Canton
5.24962E+15,9.81613E+14,58:41.0,17-Jun,United States,Marlborough
5.25255E+15,3.56545E+14,06:57.0,17-Jan,United States,East Point
5.25308E+15,6.01562E+14,11:09.0,12-Jun,United States,Fresno
5.25403E+15,7.93459E+14,29:30.0,15-Aug,United States,Seabrook
5.25609E+15,5.8401E+14,11:05.0,17-Apr,United States,Redwood City
5.2575E+15,2.05173E+14,09:28.0,14-Oct,United States,Jackson
5.2581E+15,4.79917E+14,43:42.0,17-Nov,United States,Severna Park
5.25941E+15,6.63338E+14,38:09.0,14-Mar,United States,Gallup
5.25959E+15,1.83405E+14,33:04.0,15-Feb,United States,Corona
5.26134E+15,4.10054E+14,15:31.0,17-Nov,United States,Madisonville
5.26227E+15,3.02832E+14,00:52.0,17-Oct,United States,Portsmouth
5.26377E+15,8.39657E+14,42:14.0,15-May,United States,Sarasota
5.26699E+15,8.33334E+14,26:00.0,17-May,United States,Floral Park
5.26896E+15,4.4717E+13,35:04.0,14-Nov,United States,Colleyville
5.26973E+15,4.85996E+14,19:29.0,16-Jan,United States,Dublin
5.27132E+15,9.91785E+14,38:17.0,16-Dec,United States,Henderson
5.28238E+15,6.49011E+14,22:06.0,16-Mar,United States,Syracuse
5.28418E+15,4.13022E+14,04:53.0,16-Jan,United States,Culver City
5.28486E+15,3.11591E+14,23:55.0,16-Nov,United States,St. Louis
5.2854E+15,9.78787E+14,31:52.0,15-Jun,United States,Fallbrook
5.28772E+15,1.75417E+14,28:31.0,17-Nov,United States,Escondido
5.28997E+15,9.89549E+14,06:19.0,10-Oct,United States,Highlands Ranch
5.29235E+15,6.87122E+14,10:55.0,16-Nov,United States,Big Spring
5.29448E+15,3.46844E+14,41:19.0,17-Jun,United States,Baldwin Park
5.29459E+15,8.09518E+14,56:02.0,17-Jan,United States,Placentia
5.29472E+15,2.76233E+14,38:47.0,13-Jul,United States,Covina
5.2998E+15,1.53756E+14,20:53.0,17-Sep,United States,Carteret
5.30087E+15,3.74629E+14,02:34.0,18-Feb,United States,Jackson
5.30906E+15,8.67154E+14,31:22.0,17-Jun,United States,Tallahassee
5.30915E+15,7.74845E+14,48:25.0,16-Feb,United States,Waldorf
5.31683E+15,4.82287E+14,02:17.0,13-Jun,United States,Belleville
5.3175E+15,7.0589E+14,25:52.0,13-Nov,United States,Vero Beach South
5.31859E+15,7.45833E+14,53:12.0,15-Jan,United States,Acton
5.31886E+15,3.8085E+14,47:46.0,15-Dec,United States,Griffith
5.31996E+15,6.97853E+14,05:51.0,16-Nov,United States,Bountiful
5.32649E+15,6.68851E+14,57:28.0,16-Dec,United States,Lima
5.32665E+15,7.7079E+14,29:38.0,16-Dec,United States,San Carlos
5.32755E+15,1.29013E+14,56:56.0,13-Sep,United States,Wheat Ridge
5.32958E+15,5.04831E+14,09:24.0,16-Jun,United States,Yukon
5.33008E+15,9.07831E+14,20:15.0,15-Nov,United States,Gaithersburg
5.33668E+15,7.90156E+14,05:33.0,17-Jul,United States,Griffith
5.34196E+15,2.79583E+14,46:52.0,14-Jul,United States,Tinley Park
5.3424E+15,8.73227E+12,59:52.0,15-Mar,United States,Dinuba
5.34342E+15,9.10295E+14,11:40.0,15-Mar,United States,Brownwood
5.34395E+15,9.50138E+14,39:35.0,16-Nov,United States,Morton
5.3478E+15,7.59563E+14,44:19.0,14-Dec,United States,Cedar Park
5.34826E+15,3.32209E+14,16:46.0,17-Dec,United States,Laconia
5.3593E+15,7.01023E+14,33:04.0,15-Jan,United States,Sunset
5.36006E+15,8.95011E+14,48:20.0,17-Sep,United States,Oregon
5.36756E+15,1.7654E+14,28:11.0,17-Feb,United States,Edgewater
5.36813E+15,5.5825E+14,25:13.0,16-Sep,United States,North Charleston
5.36975E+15,9.72501E+13,23:49.0,15-Oct,United States,Newberg
5.37057E+15,7.58448E+14,29:14.0,17-Aug,United States,Fruit Cove
5.37188E+15,5.88717E+14,37:53.0,17-Apr,United States,Eden Prairie
5.37325E+15,6.95725E+13,25:32.0,16-Oct,United States,Trussville
5.37854E+15,3.71774E+14,40:43.0,16-Jul,United States,Navarre
5.37961E+15,1.27317E+13,10:28.0,14-Jul,United States,Hattiesburg
5.37971E+15,1.43679E+14,05:54.0,15-Mar,United States,Blaine
5.38007E+15,3.6572E+13,36:34.0,17-May,United States,Hilton Head Island
5.38017E+15,1.4174E+14,40:13.0,16-Nov,United States,Ponte Vedra Beach
5.38098E+15,2.91608E+14,46:55.0,15-Sep,United States,Murrysville
5.38147E+15,5.50262E+14,26:36.0,15-Mar,United States,Denton
5.38456E+15,8.12347E+14,01:40.0,12-Oct,United States,Columbia
5.38927E+15,5.2295E+14,01:03.0,17-Sep,United States,Draper
5.39172E+15,9.97129E+14,16:18.0,17-Nov,United States,Lake Charles
5.39244E+15,9.37832E+14,58:32.0,17-Apr,United States,Parma Heights
5.39276E+15,5.86164E+14,46:27.0,17-Sep,United States,Morgan Hill
5.39741E+15,9.44878E+14,19:14.0,17-Mar,United States,Milton
5.39972E+15,9.94984E+14,18:18.0,17-Jun,United States,Fair Lawn
5.40025E+15,2.64592E+14,47:36.0,17-Jan,United States,Newport
5.40025E+15,6.83612E+12,03:30.0,17-Sep,United States,Indian Trail
5.40075E+15,9.69848E+14,20:45.0,13-Aug,United States,Rosamond
5.40287E+15,7.27465E+13,30:44.0,15-Feb,United States,Trotwood
5.40392E+15,9.22078E+14,03:20.0,11-Oct,United States,Bentonville
5.40707E+15,1.14792E+12,13:06.0,15-Jun,United States,Watertown
5.41114E+15,3.4587E+14,07:04.0,16-Nov,United States,Sandy Hills
5.41186E+15,5.58289E+14,13:56.0,15-May,United States,Newburg
5.41338E+15,2.24485E+14,17:55.0,12-Mar,United States,Germantown
5.41382E+15,2.53129E+14,28:36.0,17-Jul,United States,Palm Beach Gardens
5.41444E+15,9.486E+14,24:54.0,17-Jan,United States,Harrisburg
5.41566E+15,1.23729E+14,18:58.0,13-Aug,United States,Panama City
5.41765E+15,8.18316E+14,44:36.0,14-Dec,United States,Chalmette
5.418E+15,5.3965E+14,44:08.0,14-Nov,United States,Bayonne
5.42144E+15,4.65541E+14,28:31.0,17-Jul,United States,Muskego
5.42304E+15,8.11192E+14,40:21.0,14-Dec,United States,KÃ„Â�neÃ¢â‚¬Ëœohe
5.42354E+15,9.25141E+14,48:29.0,17-Jul,United States,O'Fallon
5.42392E+15,1.23909E+13,42:02.0,17-Mar,United States,Eastlake
5.42459E+15,1.62205E+14,28:34.0,13-Jul,United States,Affton
5.43086E+15,1.69148E+14,44:57.0,18-Jan,United States,Troy
5.44276E+15,7.17229E+14,00:37.0,17-Apr,United States,Lynn
5.44704E+15,2.77872E+14,30:04.0,16-Aug,United States,Westport
5.44725E+15,4.44844E+13,46:24.0,17-Feb,United States,East Millcreek
5.45221E+15,3.77024E+13,50:33.0,14-Aug,United States,El Segundo
5.45497E+15,8.56201E+14,18:52.0,13-Oct,United States,Marina
5.4555E+15,6.42644E+14,45:05.0,17-Apr,United States,Schofield Barracks
5.46246E+15,1.98169E+14,53:18.0,17-Jul,United States,Roseville
5.46469E+15,4.34793E+14,14:53.0,16-May,United States,Merced
5.46577E+15,7.0438E+14,09:33.0,16-Nov,United States,Murray
5.46703E+15,2.66117E+14,11:36.0,13-Aug,United States,San Francisco
5.47362E+15,6.67849E+14,21:53.0,17-Sep,United States,Northridge
5.48181E+15,6.89828E+14,13:02.0,16-Apr,United States,South Gate
5.487E+15,1.61957E+14,41:21.0,12-Jun,United States,Riverton
5.48772E+15,1.52866E+14,22:23.0,17-Oct,United States,Miami
5.49097E+15,7.87237E+14,12:19.0,14-Sep,United States,Paso Robles
5.49171E+15,6.09892E+14,58:03.0,15-May,United States,Mustang
5.49495E+15,3.81799E+14,44:34.0,17-Mar,United States,Havelock
5.49545E+15,9.87333E+12,16:16.0,11-May,United States,Conway
5.50287E+15,2.86497E+14,50:16.0,13-Feb,United States,Asheboro
5.50377E+15,8.94977E+14,04:16.0,17-May,United States,Cherry Hill
5.50438E+15,7.53036E+14,41:25.0,17-Jun,United States,Gardena
5.50884E+15,6.342E+14,06:19.0,16-Aug,United States,Limerick
5.51111E+15,6.57771E+14,45:03.0,17-Aug,United States,Holt
5.51599E+15,4.49407E+12,21:12.0,13-Jul,United States,Estero
5.51706E+15,8.25723E+14,55:40.0,16-Nov,United States,Rio Rancho
5.51769E+15,8.95174E+14,32:10.0,12-Apr,United States,Moline
5.52069E+15,5.21369E+14,43:23.0,12-Mar,United States,Salem
5.52709E+15,6.32874E+14,19:57.0,15-Dec,United States,Catalina Foothills
5.52839E+15,9.68841E+14,05:33.0,16-Apr,United States,Azusa
5.53196E+15,1.22439E+14,11:16.0,16-Jul,United States,Rocky River
5.53227E+15,2.8887E+14,22:58.0,12-Oct,United States,Waverly
5.534E+15,9.09545E+14,05:08.0,16-Nov,United States,Banning
5.53432E+15,5.2761E+14,18:44.0,17-Jun,United States,Homewood
5.54322E+15,5.01241E+14,57:18.0,16-Jan,United States,Eden Prairie
5.54498E+15,7.11292E+14,58:42.0,14-Mar,United States,Burleson
5.55422E+15,3.40979E+14,15:03.0,16-Sep,United States,Fillmore
5.55558E+15,6.71218E+14,28:14.0,15-Feb,United States,Southfield
5.5561E+15,1.91035E+14,36:38.0,16-Jan,United States,Del City
5.55619E+15,7.98054E+14,46:27.0,17-Nov,United States,Secaucus
5.56055E+15,2.38465E+14,21:19.0,16-Aug,United States,Sherwood
5.56329E+15,7.17127E+14,47:01.0,16-Sep,United States,Tupelo
5.56526E+15,5.93121E+14,16:05.0,15-Aug,United States,Lakeville
5.57243E+15,9.7674E+14,06:58.0,16-Jan,United States,Tonawanda
5.57329E+15,3.50308E+14,54:43.0,17-Aug,United States,Orange
5.57341E+15,2.4196E+14,38:51.0,15-Nov,United States,Hagerstown
5.57377E+15,9.1515E+14,17:32.0,16-Aug,United States,Lake Charles
5.57588E+15,2.24096E+14,03:38.0,17-Dec,United States,Lansing
5.5765E+15,7.50705E+14,38:42.0,16-Oct,United States,Wasco
5.58088E+15,7.67061E+14,31:22.0,12-Jun,United States,Durango
5.58498E+15,7.659E+14,09:04.0,16-Mar,United States,Alamogordo
5.58511E+15,9.76362E+14,06:17.0,15-Jan,United States,Forest Grove
5.58583E+15,9.67178E+14,37:31.0,11-May,United States,Wake Forest
5.58961E+15,5.44115E+13,03:54.0,17-Jun,United States,North Bellmore
5.59043E+15,4.00469E+14,58:08.0,16-Nov,United States,Tiffin
5.59356E+15,6.7422E+14,15:16.0,15-Sep,United States,Roseville
5.59381E+15,5.95938E+14,21:08.0,16-Feb,United States,Palmer
5.59491E+15,5.5412E+14,50:37.0,17-Jun,United States,Montebello
5.59527E+15,2.62825E+14,27:29.0,17-Dec,United States,Franklin
5.59671E+15,7.35013E+14,49:02.0,18-Jan,United States,Greenville
5.59967E+15,6.07781E+14,41:06.0,13-Jun,United States,Granite City
6.01101E+15,2.7548E+14,16:13.0,18-Jan,United States,Kansas City
6.01101E+15,6.04816E+14,23:49.0,13-Nov,United States,West Covina
6.01102E+15,3.38015E+14,56:15.0,13-Dec,United States,Hanahan
6.01103E+15,4.20803E+13,57:46.0,17-Mar,United States,Helena
6.01104E+15,5.27445E+14,50:03.0,17-Oct,United States,Midland
6.01107E+15,5.25253E+13,09:57.0,13-Oct,United States,Dickinson
6.01108E+15,1.98328E+14,50:57.0,15-Jul,United States,Greenwood
6.01108E+15,6.9021E+13,04:25.0,14-Jan,United States,Kiryas Joel
6.01111E+15,5.41681E+14,00:05.0,17-Oct,United States,Frederickson
6.01113E+15,5.4013E+14,46:48.0,16-Aug,United States,Cockeysville
6.01114E+15,5.82289E+14,44:02.0,13-Jun,United States,Mahwah
6.01114E+15,3.54088E+14,29:20.0,17-Jan,United States,Saint Charles
6.01119E+15,9.28749E+14,56:43.0,13-Jul,United States,Altamonte Springs
6.01125E+15,2.12263E+14,34:17.0,17-Sep,United States,Greenville
6.01125E+15,2.14899E+14,02:10.0,16-Feb,United States,Novato
6.01127E+15,9.51166E+14,49:56.0,16-Aug,United States,State College
6.01127E+15,4.41202E+14,40:55.0,16-Feb,United States,Weston
6.01127E+15,3.14863E+14,50:29.0,17-May,United States,Merrimack
6.01129E+15,7.26016E+14,53:14.0,15-Nov,United States,Mehlville
6.01131E+15,9.42924E+14,33:20.0,14-Feb,United States,Saint Cloud
6.01135E+15,9.32079E+14,29:55.0,14-Jun,United States,Belvidere
6.01136E+15,9.49091E+14,58:49.0,13-Feb,United States,The Villages
6.01137E+15,1.04507E+14,14:42.0,14-Nov,United States,Pickerington
6.01139E+15,1.48017E+14,20:31.0,16-Sep,United States,Cathedral City
6.0114E+15,8.00499E+13,47:43.0,16-Sep,United States,Loveland
6.0114E+15,9.0917E+14,51:55.0,17-Jul,United States,Clinton
6.01146E+15,6.02418E+14,30:09.0,14-Nov,United States,Lewiston
6.0115E+15,4.18524E+14,55:43.0,17-Jun,United States,Arnold
6.01153E+15,5.38555E+14,54:07.0,16-Oct,United States,Zion
6.01153E+15,8.0427E+14,23:15.0,15-Mar,United States,Appleton
6.01154E+15,5.83774E+14,04:37.0,15-Jun,United States,Havelock
6.01157E+15,4.60961E+14,58:51.0,16-Apr,United States,Goodyear
6.01159E+15,1.81045E+14,36:52.0,15-Jul,United States,Benicia
6.01159E+15,4.30133E+14,16:32.0,17-Feb,United States,Broomfield
6.0116E+15,9.14857E+14,06:39.0,13-May,United States,Valrico
6.01161E+15,8.69816E+14,52:32.0,16-Oct,United States,Brownsville
6.01161E+15,3.28046E+14,42:04.0,15-Mar,United States,Rancho Santa Margarita
6.01162E+15,5.55712E+14,45:29.0,17-Jan,United States,Clarksville
6.01162E+15,3.33303E+14,25:40.0,17-Sep,United States,Mount Juliet
6.01163E+15,8.95801E+14,24:59.0,17-Dec,United States,South Yuba City
6.01165E+15,1.01063E+14,11:04.0,12-Feb,United States,Battle Ground
6.01165E+15,5.31762E+14,13:32.0,14-Aug,United States,Whitehall Township
6.01165E+15,3.75051E+14,57:04.0,15-Jul,United States,Goodings Grove
6.01168E+15,5.48072E+14,30:26.0,17-May,United States,Shively
6.01171E+15,1.99244E+14,22:55.0,17-Nov,United States,Fairfield
6.01174E+15,6.63777E+13,33:05.0,17-Jun,United States,Montclair
6.01176E+15,8.13249E+13,31:37.0,15-Nov,United States,Keene
6.01178E+15,3.75074E+14,28:44.0,11-Sep,United States,Delano
6.01178E+15,9.69966E+14,59:04.0,16-Oct,United States,Sioux Falls
6.0118E+15,8.13301E+14,32:44.0,15-Jul,United States,Sumter
6.0118E+15,5.57509E+14,40:31.0,17-Apr,United States,Southglenn
6.01181E+15,4.03229E+13,37:30.0,17-Jan,United States,Shrewsbury
6.01187E+15,7.82507E+14,37:01.0,14-Apr,United States,Kenmore
6.01192E+15,1.90431E+14,18:14.0,17-Jan,United States,Shrewsbury
6.01192E+15,4.21309E+14,11:43.0,17-May,United States,Chicopee
6.01194E+15,5.77908E+14,26:24.0,14-Aug,United States,Goshen
6.01198E+15,2.78094E+14,16:22.0,17-Oct,United States,Eagle Pass
6.01199E+15,3.93165E+14,58:48.0,17-Jun,United States,Bourbonnais
6.01199E+15,1.55092E+13,15:40.0,14-Mar,United States,Ada
6.012E+15,1.44826E+14,46:49.0,17-Sep,United States,San Clemente
6.22136E+15,1.98073E+14,08:49.0,16-Apr,United States,Westmont
6.22148E+15,3.42936E+14,56:24.0,15-Jul,United States,Klamath Falls
6.22165E+15,3.6616E+14,06:58.0,15-Jul,United States,Brookline
6.22166E+15,3.01157E+14,05:04.0,16-Sep,United States,Oklahoma City
6.2218E+15,6.17314E+14,28:00.0,15-Aug,United States,Bristol
6.2218E+15,4.57482E+14,04:18.0,17-Aug,United States,Myrtle Beach
6.2221E+15,3.5909E+14,23:31.0,15-May,United States,Ukiah
6.22211E+15,4.36223E+13,32:04.0,17-Oct,United States,Palm Coast
6.22211E+15,4.71185E+14,38:10.0,14-Jul,United States,Carson City
6.22224E+15,4.93931E+14,17:42.0,14-May,United States,Cape Coral
6.22274E+15,2.44395E+14,10:49.0,17-Feb,United States,Eastpointe
6.22279E+15,2.79008E+14,44:11.0,12-Oct,United States,Monroe
6.22285E+15,3.29613E+14,55:58.0,16-Nov,United States,Lake in the Hills
6.2231E+15,6.80536E+14,59:58.0,17-Mar,United States,Glen Burnie
6.22315E+15,2.31123E+14,39:45.0,16-Aug,United States,Wyckoff
6.22336E+15,5.14369E+14,01:37.0,18-Jan,United States,Hamtramck
6.22347E+15,9.16061E+13,07:11.0,16-May,United States,Pleasantville
6.22351E+15,2.30041E+14,18:30.0,16-Sep,United States,Haverhill
6.22368E+15,6.01817E+14,07:48.0,17-Feb,United States,Union Hill-Novelty Hill
6.22381E+15,7.36138E+14,01:25.0,17-Jun,United States,Santa Fe Springs
6.2239E+15,5.39253E+14,53:37.0,16-Mar,United States,Hillsboro
6.2239E+15,9.62984E+14,56:51.0,14-Oct,United States,East Cleveland
6.22394E+15,8.21936E+14,41:31.0,14-Jul,United States,Severna Park
6.2242E+15,9.90741E+14,30:51.0,14-Aug,United States,Ponca City
6.22427E+15,8.15188E+14,57:56.0,17-May,United States,Faribault
6.22437E+15,3.70112E+13,26:01.0,17-Jul,United States,Vandalia
6.22442E+15,7.33209E+14,52:26.0,13-Apr,United States,Asheville
6.22456E+15,7.81287E+14,33:13.0,17-Jan,United States,Corinth
6.22461E+15,5.38561E+14,17:16.0,14-Nov,United States,Carteret
6.22464E+15,3.03713E+14,12:55.0,14-Jun,United States,Farmington
6.22493E+15,5.73316E+14,23:26.0,16-Mar,United States,Baldwin Park
6.22506E+15,6.14369E+14,51:36.0,17-Dec,United States,Hendersonville
6.2251E+15,4.82777E+14,29:17.0,17-Apr,United States,Oxnard
6.22514E+15,7.46178E+14,42:44.0,14-Jun,United States,Norwood
6.22531E+15,1.01039E+14,24:17.0,16-Sep,United States,Scottsbluff
6.22531E+15,8.10252E+14,30:47.0,14-May,United States,Jasper
6.22533E+15,9.37555E+13,42:44.0,17-Oct,United States,Kansas City
6.22534E+15,5.98924E+14,41:29.0,17-Jul,United States,Westlake
6.22542E+15,6.25216E+14,35:18.0,14-Nov,United States,Philadelphia
6.22547E+15,7.18959E+14,00:45.0,13-Sep,United States,Norwood
6.22557E+15,1.84136E+14,16:56.0,16-Jul,United States,Anthem
6.22561E+15,2.84643E+14,25:52.0,12-Oct,United States,Pinecrest
6.22567E+15,4.6497E+14,57:59.0,18-Jan,United States,Pittsfield
6.22574E+15,8.00148E+13,16:25.0,17-Oct,United States,West Melbourne
6.22587E+15,4.52665E+14,34:35.0,16-Apr,United States,Arvada
6.22601E+15,4.38517E+14,56:42.0,16-May,United States,Solon
6.22608E+15,4.41973E+14,31:40.0,15-Feb,United States,Racine
6.22609E+15,2.286E+14,36:08.0,17-Jan,United States,Menomonie
6.22614E+15,4.51081E+14,16:38.0,17-Apr,United States,Lauderhill
6.22645E+15,4.56872E+14,28:42.0,12-May,United States,Hendersonville
6.22692E+15,5.46898E+14,38:33.0,17-Jun,United States,Palm Valley
6.22707E+15,7.746E+14,18:31.0,15-Sep,United States,Radcliff
6.22729E+15,8.65572E+14,28:21.0,16-Feb,United States,North Druid Hills
6.22732E+15,9.27601E+14,01:50.0,17-Sep,United States,Keene
6.22743E+15,3.14115E+14,34:02.0,17-Jan,United States,Hays
6.22786E+15,8.85904E+14,58:34.0,16-Jan,United States,Westford
6.22793E+15,5.65791E+14,21:33.0,13-Sep,United States,Glendale
6.22799E+15,9.40185E+14,52:59.0,13-Apr,United States,Parsippany
6.22808E+15,2.59088E+14,59:22.0,14-Oct,United States,Laplace
6.22808E+15,1.75322E+14,52:11.0,16-Nov,United States,Kentwood
6.22853E+15,3.40482E+14,12:51.0,17-Sep,United States,Bellmore
6.22853E+15,3.09572E+14,02:48.0,17-Sep,United States,Savage
6.22859E+15,6.69696E+14,06:14.0,14-Oct,United States,Belleville
6.22873E+15,6.10331E+14,19:51.0,14-Jan,United States,Burlington
6.22878E+15,6.17045E+14,08:50.0,12-Nov,United States,Asheville
6.22888E+15,6.10346E+14,16:57.0,17-Jun,United States,Brushy Creek
6.22913E+15,7.78503E+14,03:52.0,13-Jul,United States,North Bethesda
6.44002E+15,1.34616E+14,59:07.0,16-Jul,United States,Poinciana
6.44019E+15,5.68162E+13,30:04.0,11-Jan,United States,Centerville
6.44079E+15,1.48994E+14,38:01.0,17-Oct,United States,Medina
6.44097E+15,8.11595E+14,16:43.0,17-Nov,United States,Salisbury
6.4423E+15,4.25103E+14,40:05.0,17-Jun,United States,Central
6.44234E+15,9.71802E+14,14:11.0,17-Sep,United States,Cheshire
6.44251E+15,8.67464E+14,07:30.0,11-Dec,United States,Pottstown
6.44326E+15,9.50971E+13,36:21.0,17-Oct,United States,Danvers
6.44378E+15,5.23326E+14,40:40.0,17-Apr,United States,Norton Shores
6.44402E+15,6.02943E+14,12:52.0,18-Jan,United States,Cherry Hill
6.44509E+15,2.1098E+14,33:12.0,15-Dec,United States,Columbus
6.4455E+15,5.20905E+13,56:46.0,17-Apr,United States,Punta Gorda Isles
6.44622E+15,9.22295E+14,52:25.0,16-Jun,United States,Martha Lake
6.44784E+15,4.11291E+14,32:43.0,16-Mar,United States,South Elgin
6.44788E+15,9.07973E+14,38:04.0,18-Jan,United States,Easton
6.45096E+15,5.05592E+14,42:23.0,15-May,United States,Fort Hunt
6.45119E+15,4.82847E+14,18:48.0,17-Apr,United States,Springfield
6.45139E+15,1.88977E+14,49:47.0,16-Nov,United States,Lakeside
6.45185E+15,3.66586E+14,42:22.0,15-Sep,United States,Tempe
6.45285E+15,4.46995E+14,41:14.0,12-Mar,United States,Bellview
6.45643E+15,6.78017E+14,07:22.0,16-Nov,United States,Deerfield Beach
6.45701E+15,6.21796E+14,34:01.0,17-Aug,United States,Richfield
6.45751E+15,6.83307E+14,46:50.0,17-Sep,United States,Streamwood
6.45839E+15,3.62508E+14,47:50.0,14-Apr,United States,Duluth
6.45891E+15,9.03974E+14,55:37.0,17-Jan,United States,Chicago Heights
6.45947E+15,7.77755E+13,25:39.0,17-Apr,United States,Easley
6.45958E+15,5.47127E+14,34:51.0,17-Dec,United States,Clinton
6.46073E+15,2.6663E+14,27:31.0,12-Oct,United States,Findlay
6.46096E+15,5.5506E+14,11:06.0,12-Jun,United States,San Jacinto
6.46136E+15,7.39326E+14,49:54.0,16-Nov,United States,Mira Loma
6.46167E+15,1.2216E+14,47:06.0,17-Mar,United States,Woodlawn
6.46312E+15,3.06052E+14,58:56.0,11-Nov,United States,Rockledge
6.46546E+15,6.41633E+14,12:39.0,16-Nov,United States,Austintown
6.46585E+15,9.43775E+14,29:43.0,16-Nov,United States,Kent
6.46693E+15,4.08836E+14,11:30.0,15-May,United States,Center Point
6.46774E+15,2.25048E+14,54:43.0,14-Mar,United States,Lakeside
6.46976E+15,3.80538E+14,40:21.0,15-Jan,United States,Utica
6.47164E+15,9.6163E+14,36:59.0,15-Nov,United States,Tempe
6.47237E+15,9.65994E+14,59:47.0,16-Nov,United States,Dyer
6.4737E+15,4.98609E+14,16:42.0,15-Jun,United States,Inglewood
6.47428E+15,1.82802E+14,53:46.0,13-Nov,United States,Mustang
6.47432E+15,5.89038E+14,18:08.0,17-Sep,United States,Bel Air South
6.47597E+15,2.87537E+14,59:21.0,15-Feb,United States,Horizon City
6.47678E+15,1.13941E+14,57:30.0,13-Jul,United States,Lauderdale Lakes
6.47729E+15,1.41173E+14,44:12.0,15-Nov,United States,Fort Washington
6.47762E+15,1.50505E+14,53:00.0,14-May,United States,Elmhurst
6.47883E+15,4.98368E+14,59:23.0,17-Feb,United States,Manhattan
6.47889E+15,2.73247E+14,30:23.0,16-Oct,United States,Beaverton
6.48015E+15,4.39084E+14,12:30.0,17-May,United States,Mineola
6.48249E+15,7.13171E+14,26:42.0,13-Nov,United States,Galt
6.48782E+15,9.07867E+14,08:33.0,15-Nov,United States,Broadview Heights
6.4885E+15,4.81146E+14,39:12.0,17-Jul,United States,Indio
6.48902E+15,9.57058E+14,43:12.0,16-Feb,United States,Elk Grove
6.48988E+15,2.97268E+14,36:45.0,17-Nov,United States,El Centro
6.49038E+15,4.71194E+14,44:08.0,17-Oct,United States,Fort Myers
6.49072E+15,3.45759E+14,03:43.0,14-Nov,United States,Murrieta
6.49218E+15,8.56504E+14,20:52.0,16-May,United States,North Kingstown
6.49233E+15,7.63784E+14,54:41.0,17-Apr,United States,Kalispell
6.49376E+15,2.92244E+14,47:10.0,17-Jan,United States,Bettendorf
6.49464E+15,1.38259E+14,28:06.0,17-Apr,United States,Woodburn
6.49556E+15,3.15255E+14,29:34.0,16-Oct,United States,Bellingham
6.49582E+15,7.6685E+14,54:03.0,16-Apr,United States,Farmington
6.496E+15,6.98106E+14,42:30.0,15-Dec,United States,Barstow
6.49692E+15,2.333E+13,58:50.0,17-Sep,United States,Orinda
6.50295E+15,8.88561E+14,26:17.0,17-Aug,United States,Marion
6.50508E+15,6.15755E+14,58:53.0,17-Sep,United States,Socorro Mission Number 1 Colonia
6.50786E+15,6.59875E+13,41:47.0,17-Jun,United States,Kannapolis
6.50895E+15,7.58502E+14,00:16.0,17-Nov,United States,University City
6.51001E+15,1.62602E+14,23:02.0,14-May,United States,Williamstown
6.5117E+15,8.43739E+14,02:37.0,16-Sep,United States,Amsterdam
6.5125E+15,8.53411E+14,17:20.0,13-Mar,United States,Saco
6.51361E+15,2.96775E+14,52:05.0,16-Nov,United States,Santa Ana
6.51557E+15,2.03259E+14,26:16.0,15-Feb,United States,Chicago
6.5156E+15,6.75167E+14,21:51.0,17-May,United States,Mitchell
6.51917E+15,5.61721E+14,19:31.0,17-Sep,United States,Huntington
6.52135E+15,9.39148E+14,47:23.0,17-May,United States,New Iberia
6.52577E+15,8.93841E+14,39:24.0,16-Nov,United States,Palm Springs
6.52712E+15,5.05889E+14,08:13.0,14-Apr,United States,Chaska
6.53028E+15,7.22065E+14,34:28.0,13-Nov,United States,Bell
6.53162E+15,3.90834E+14,14:55.0,17-May,United States,Missoula
6.53466E+15,3.02627E+13,09:24.0,15-Oct,United States,Freeport
6.53688E+15,2.69017E+14,55:01.0,15-Feb,United States,Minnetonka Mills
6.53883E+15,1.09726E+14,57:51.0,17-Aug,United States,Brawley
6.54005E+15,5.36746E+14,59:39.0,17-Apr,United States,Stow
6.54047E+15,1.41322E+14,18:00.0,18-Jan,United States,East Rancho Dominguez
6.54303E+15,8.70153E+14,36:40.0,17-Sep,United States,Clarksdale
6.54465E+15,6.49878E+14,41:07.0,16-Sep,United States,Colleyville
6.54488E+15,2.69099E+14,53:07.0,14-Sep,United States,Fairbanks
6.54523E+15,6.0356E+14,24:59.0,17-Jun,United States,Englewood
6.54595E+15,6.00767E+14,43:44.0,17-Nov,United States,Dickinson
6.54777E+15,2.61888E+14,48:13.0,16-Jan,United States,Elizabeth City
6.54808E+15,1.72415E+14,42:30.0,16-Mar,United States,Levittown
6.5536E+15,4.89363E+14,59:05.0,13-Apr,United States,Amherst
6.55432E+15,8.49379E+14,04:55.0,13-Aug,United States,Brentwood Estates
6.55579E+15,3.97711E+14,53:28.0,14-Jul,United States,Buffalo
6.55596E+15,9.36685E+14,44:30.0,17-Oct,United States,Ashtabula
6.55702E+15,8.95448E+14,49:14.0,14-Jun,United States,Homestead
6.55947E+15,8.81926E+14,21:18.0,17-Oct,United States,West Linn
6.56251E+15,6.59983E+14,39:15.0,16-Nov,United States,Mount Vernon
6.56672E+15,3.35526E+14,34:17.0,14-Aug,United States,Sand Springs
6.56844E+15,1.83038E+14,25:55.0,17-Jul,United States,North Las Vegas
6.57006E+15,7.22794E+14,01:36.0,17-Feb,United States,Sedalia
6.57362E+15,9.85619E+14,21:37.0,16-Dec,United States,Belleville
6.57426E+15,8.91702E+14,47:35.0,15-Jul,United States,Selma
6.57466E+15,5.55127E+14,11:01.0,10-Nov,United States,Coral Terrace
6.5774E+15,4.79332E+14,02:59.0,16-Feb,United States,Norco
6.57833E+15,1.49908E+14,51:11.0,16-Nov,United States,Wasco
6.58019E+15,2.18337E+14,32:14.0,18-Jan,United States,Oxford
6.58214E+15,3.89051E+14,26:54.0,16-Aug,United States,Roy
6.58295E+15,1.8529E+14,37:04.0,13-Mar,United States,Hutchinson
6.58328E+15,3.98608E+14,19:32.0,17-Jan,United States,Galesburg
6.58523E+15,8.87283E+14,53:06.0,16-May,United States,Security-Widefield
6.58711E+15,6.23414E+14,45:35.0,17-Mar,United States,Hobart
6.58864E+15,6.78537E+14,37:45.0,14-Apr,United States,Concord
6.58954E+15,8.32393E+14,59:35.0,15-Sep,United States,Roseville
6.58986E+15,1.93387E+14,52:17.0,15-Nov,United States,Westfield
6.58989E+15,2.76119E+14,25:29.0,15-Nov,United States,Blaine
6.59091E+15,8.4929E+14,32:23.0,17-Jul,United States,Reading
6.59118E+15,1.35616E+14,21:15.0,16-Aug,United States,Arvin
6.59218E+15,7.14854E+14,11:17.0,16-Aug,United States,Mehlville
6.59425E+15,8.46163E+14,32:58.0,16-Dec,United States,Lyndhurst
6.59564E+15,3.77918E+14,58:24.0,17-Sep,United States,Mahwah
6.59581E+15,2.36864E+14,45:46.0,14-Jun,United States,Johnston
6.59593E+15,4.22173E+14,19:20.0,14-Feb,United States,Raleigh
6.5977E+15,6.57992E+14,45:34.0,17-Mar,United States,Pinewood
6.59883E+15,6.60351E+14,22:17.0,16-Dec,United States,Tampa
6.5999E+15,9.28037E+14,31:54.0,17-Oct,United States,Loves Park
